Source,Target,Type,id,weight
PABLO,LIBRO,Undirected,0,2
PABLO,PEDIR,Undirected,1,2
PABLO,MOYANO,Undirected,2,4
PABLO,FERIA,Undirected,3,2
PABLO,PARO,Undirected,4,2
PABLO,CRISTINA,Undirected,5,2
PACTO,IGLESIA,Undirected,6,2
PACTO,KICILLOF,Undirected,7,2
PACTO,NACIONAL,Undirected,8,3
PACTO,AXEL,Undirected,9,2
PACTO,PJ,Undirected,10,2
TINELLI,SCIOLI,Undirected,11,2
TINELLI,MARCELO,Undirected,12,3
TINELLI,LAVAGNA,Undirected,13,2
TINELLI,FEDERAL,Undirected,14,2
PICHETTO,UU,Undirected,15,2
PICHETTO,URTUBEY,Undirected,16,2
PICHETTO,MIGUEL,Undirected,17,13
PICHETTO,LAVAGNA,Undirected,18,9
PICHETTO,MASSA,Undirected,19,2
PICHETTO,NUEVO,Undirected,20,2
PICHETTO,EE,Undirected,21,2
PICHETTO,ROBERTO,Undirected,22,5
PICHETTO,FEDERAL,Undirected,23,2
PICHETTO,MAURICIO,Undirected,24,2
PICHETTO,MACRI,Undirected,25,2
PICHETTO,CRISTINA,Undirected,26,2
PICHETTO,SCHIARETTI,Undirected,27,2
PICHETTO,ACUERDO,Undirected,28,2
PICHETTO,ALTERNATIVA,Undirected,29,2
PICHETTO,VICE,Undirected,30,3
PICHETTO,JUAN,Undirected,31,4
MOYANO,30,Undirected,32,2
MOYANO,ACTO,Undirected,33,3
MOYANO,CRISTINA,Undirected,34,3
MOYANO,GOBIERNO,Undirected,35,2
MOYANO,HUGO,Undirected,36,7
MOYANO,ABRIL,Undirected,37,2
MOYANO,BULLRICH,Undirected,38,2
MOYANO,PARO,Undirected,39,8
MOYANO,KIRCHNER,Undirected,40,4
MOYANO,BONAERENSE,Undirected,41,2
TRIUNFO,ALTERNATIVA,Undirected,42,2
TRIUNFO,JUAN,Undirected,43,5
TRIUNFO,SCHIARETTI,Undirected,44,5
TRIUNFO,ELECCIONES,Undirected,45,2
TRIUNFO,CÓRDOBA,Undirected,46,2
TRIUNFO,FEDERAL,Undirected,47,3
SUPREMA,CORTE,Undirected,48,7
SUPREMA,DECISIÓN,Undirected,49,3
SUPREMA,CRISTINA,Undirected,50,5
SUPREMA,JUICIO,Undirected,51,4
SUPREMA,MARTES,Undirected,52,2
SUPREMA,KIRCHNER,Undirected,53,5
FRASE,CARRIÓ,Undirected,54,2
FRASE,KIRCHNERISMO,Undirected,55,2
FRASE,CRISTINA,Undirected,56,2
INTERNA,MAURICIO,Undirected,57,2
INTERNA,ALBERTO,Undirected,58,2
INTERNA,MACRI,Undirected,59,2
INTERNA,CONVENCIÓN,Undirected,60,2
INTERNA,FEDERAL,Undirected,61,2
EMPRESARIOS,MAURICIO,Undirected,62,2
EMPRESARIOS,VIDAL,Undirected,63,2
EMPRESARIOS,CRISTINA,Undirected,64,4
EMPRESARIOS,EX,Undirected,65,2
EMPRESARIOS,KIRCHNER,Undirected,66,3
EMPRESARIOS,MACRI,Undirected,67,2
TRIBUNAL,ORAL,Undirected,68,3
TRIBUNAL,JUICIO,Undirected,69,3
TRIBUNAL,KIRCHNER,Undirected,70,3
TRIBUNAL,CRISTINA,Undirected,71,5
FMI,KIRCHNER,Undirected,72,2
FRIGERIO,MAURICIO,Undirected,73,3
FRIGERIO,ACUERDO,Undirected,74,3
FRIGERIO,MACRI,Undirected,75,4
FRIGERIO,ROGELIO,Undirected,76,12
FRIGERIO,AMPLIAR,Undirected,77,2
FRIGERIO,CAMBIEMOS,Undirected,78,5
CARTA,KIRCHNER,Undirected,79,2
CARTA,MAURICIO,Undirected,80,4
CARTA,LAVAGNA,Undirected,81,2
CARTA,MACRI,Undirected,82,6
CARTA,MASSA,Undirected,83,2
CARTA,CRISTINA,Undirected,84,2
CARTA,CONTESTÓ,Undirected,85,2
CARTA,SERGIO,Undirected,86,2
IR,AMENAZA,Undirected,87,2
IR,MAURICIO,Undirected,88,2
IR,LAVAGNA,Undirected,89,2
IR,MACRI,Undirected,90,2
IR,CRISTINA,Undirected,91,3
IR,KIRCHNER,Undirected,92,2
BULLRICH,PAÍS,Undirected,93,2
BULLRICH,PATRICIA,Undirected,94,10
PAPA,DIÁLOGO,Undirected,95,2
PAPA,ARGENTINA,Undirected,96,3
PAPA,OBISPOS,Undirected,97,5
PASO,MAURICIO,Undirected,98,2
PASO,FE,Undirected,99,2
PASO,CORNEJO,Undirected,100,2
PASO,LAVAGNA,Undirected,101,2
PASO,MACRI,Undirected,102,3
PASO,UCR,Undirected,103,2
PASO,CRISTINA,Undirected,104,2
PASO,CAMBIEMOS,Undirected,105,3
PASO,SANTA,Undirected,106,2
PASO,PERONISMO,Undirected,107,2
PASO,KIRCHNER,Undirected,108,2
SENADO,JUICIO,Undirected,109,2
SENADO,LEY,Undirected,110,2
SENADO,PROYECTO,Undirected,111,2
SENADO,KIRCHNER,Undirected,112,2
SENADO,CRISTINA,Undirected,113,2
STORNELLI,DENUNCIA,Undirected,114,2
STORNELLI,CARLOS,Undirected,115,3
STORNELLI,JUEZ,Undirected,116,2
STORNELLI,FISCAL,Undirected,117,6
STORNELLI,CAUSA,Undirected,118,2
UCR,ALFREDO,Undirected,119,2
UCR,VIDAL,Undirected,120,2
UCR,RICARDO,Undirected,121,3
UCR,ELECTORAL,Undirected,122,4
UCR,CAMBIEMOS,Undirected,123,6
UCR,CANDIDATA,Undirected,124,2
UCR,AMPLIAR,Undirected,125,3
UCR,EUGENIA,Undirected,126,2
UCR,MAURICIO,Undirected,127,4
UCR,ALFONSÍN,Undirected,128,3
UCR,MACRI,Undirected,129,4
UCR,JULIO,Undirected,130,2
UCR,ARMAR,Undirected,131,2
UCR,CONVENCIÓN,Undirected,132,5
UCR,IDEA,Undirected,133,3
UCR,CORNEJO,Undirected,134,3
UCR,MARÍA,Undirected,135,2
UCR,BONAERENSE,Undirected,136,2
PRESENTACIÓN,DANIEL,Undirected,137,2
PRESENTACIÓN,LIBRO,Undirected,138,8
PRESENTACIÓN,FERIA,Undirected,139,2
PRESENTACIÓN,KIRCHNER,Undirected,140,8
PRESENTACIÓN,CRISTINA,Undirected,141,8
ARGENTINA,JUICIO,Undirected,142,2
ARGENTINA,EE,Undirected,143,3
ARGENTINA,AÑO,Undirected,144,2
ARGENTINA,UU,Undirected,145,3
ARGENTINA,KIRCHNER,Undirected,146,3
ARGENTINA,FELIPE,Undirected,147,2
ARGENTINA,BOLSONARO,Undirected,148,3
ARGENTINA,CRISTINA,Undirected,149,4
ARGENTINA,VÍCTIMAS,Undirected,150,2
ARGENTINA,VENEZUELA,Undirected,151,2
ARGENTINA,POLÍTICO,Undirected,152,2
ARGENTINA,MACRI,Undirected,153,2
MUNDO,PAÍS,Undirected,154,2
MUNDO,MAURICIO,Undirected,155,2
MUNDO,MACRI,Undirected,156,2
PERONISMO,LAVAGNA,Undirected,157,2
PERONISMO,K,Undirected,158,5
PERONISMO,MASSA,Undirected,159,2
PERONISMO,PAMPA,Undirected,160,2
PERONISMO,GOBIERNO,Undirected,161,3
PERONISMO,ACUERDO,Undirected,162,2
PERONISMO,ELECCIONES,Undirected,163,2
PERONISMO,SERGIO,Undirected,164,2
PERONISMO,FEDERAL,Undirected,165,3
FUNCIONARIOS,EX,Undirected,166,2
FUNCIONARIOS,CRISTINA,Undirected,167,2
PODRÍA,CRISTINA,Undirected,168,2
PODRÍA,CANDIDATO,Undirected,169,2
REVELÓ,FERNÁNDEZ,Undirected,170,2
REVELÓ,ALBERTO,Undirected,171,2
REVELÓ,PEÑA,Undirected,172,2
REVELÓ,CRISTINA,Undirected,173,3
REVELÓ,MARCOS,Undirected,174,2
REVELÓ,KIRCHNER,Undirected,175,3
HISTÓRICO,CÓRDOBA,Undirected,176,2
HISTÓRICO,SCHIARETTI,Undirected,177,2
HISTÓRICO,ELECCIONES,Undirected,178,2
HISTÓRICO,JUAN,Undirected,179,2
BONADIO,KIRCHNER,Undirected,180,3
BONADIO,JUEZ,Undirected,181,7
BONADIO,CRISTINA,Undirected,182,4
BONADIO,MAYO,Undirected,183,3
BONADIO,LIBRO,Undirected,184,2
BONADIO,LICENCIA,Undirected,185,4
BONADIO,JUICIO,Undirected,186,2
BONADIO,EX,Undirected,187,2
BONADIO,15,Undirected,188,2
BONADIO,CLAUDIO,Undirected,189,6
LARRETA,VIDAL,Undirected,190,2
LARRETA,HORACIO,Undirected,191,5
LARRETA,MAURICIO,Undirected,192,2
LARRETA,MACRI,Undirected,193,2
LARRETA,CRISTINA,Undirected,194,3
LARRETA,RODRÍGUEZ,Undirected,195,5
LARRETA,KIRCHNER,Undirected,196,3
PIDE,PRO,Undirected,197,2
PIDE,CAMBIEMOS,Undirected,198,2
CARLOS,JUICIO,Undirected,199,2
CARLOS,JUAN,Undirected,200,3
CARLOS,FISCAL,Undirected,201,3
CARLOS,CRISTINA,Undirected,202,2
MARTÍN,LOUSTEAU,Undirected,203,7
MARTÍN,PRESIDENCIAL,Undirected,204,2
MARTÍN,LIBRO,Undirected,205,3
MARTÍN,CRISTINA,Undirected,206,2
MARTÍN,KIRCHNER,Undirected,207,2
MARTÍN,MACRI,Undirected,208,2
15,JUEZ,Undirected,209,2
15,AÑOS,Undirected,210,2
15,MAYO,Undirected,211,2
15,CRISTINA,Undirected,212,2
15,LICENCIA,Undirected,213,2
15,KIRCHNER,Undirected,214,2
VUELTA,GOBIERNO,Undirected,215,2
VUELTA,PRIMERA,Undirected,216,2
VUELTA,CRISTINA,Undirected,217,3
JUGADA,FEDERAL,Undirected,218,2
JUGADA,PJ,Undirected,219,2
JUGADA,KIRCHNER,Undirected,220,3
JUGADA,CRISTINA,Undirected,221,4
VOTAR,FE,Undirected,222,2
VOTAR,SANTA,Undirected,223,2
PAMPA,SANTA,Undirected,224,2
PAMPA,K,Undirected,225,2
PAMPA,PJ,Undirected,226,2
HORACIO,RODRÍGUEZ,Undirected,227,5
HORACIO,KIRCHNER,Undirected,228,3
HORACIO,CRISTINA,Undirected,229,3
AXEL,KICILLOF,Undirected,230,6
AXEL,INTENDENTES,Undirected,231,2
AXEL,PJ,Undirected,232,3
AXEL,KIRCHNER,Undirected,233,2
FISCAL,JUEZ,Undirected,234,3
FISCAL,PLATA,Undirected,235,3
FISCAL,CAUSA,Undirected,236,5
FISCAL,JUSTICIA,Undirected,237,2
FISCAL,MAR,Undirected,238,3
FISCAL,D,Undirected,239,5
FISCAL,CASO,Undirected,240,2
FISCAL,RAMOS,Undirected,241,2
FISCAL,CÁMARA,Undirected,242,2
FISCAL,ALESSIO,Undirected,243,5
FISCAL,FEDERAL,Undirected,244,3
TESTIGO,FERNÁNDEZ,Undirected,245,2
TESTIGO,JUICIO,Undirected,246,2
TESTIGO,ALBERTO,Undirected,247,2
TESTIGO,KIRCHNER,Undirected,248,2
TESTIGO,CRISTINA,Undirected,249,3
2,CORTE,Undirected,250,4
2,MILLONES,Undirected,251,2
2,CAUSA,Undirected,252,3
2,CRISTINA,Undirected,253,5
2,TOF,Undirected,254,5
2,JUICIO,Undirected,255,3
2,US,Undirected,256,2
2,MANDÓ,Undirected,257,2
2,KIRCHNER,Undirected,258,3
MUERTE,MADRE,Undirected,259,3
MUERTE,KIRCHNER,Undirected,260,4
MUERTE,CRISTINA,Undirected,261,4
CONTROL,PRECIOS,Undirected,262,2
CONTROL,FISCALES,Undirected,263,2
PRECIOS,GOBIERNO,Undirected,264,2
PRECIOS,MACRI,Undirected,265,2
BÁEZ,LÁZARO,Undirected,266,5
BÁEZ,CAUSA,Undirected,267,2
BÁEZ,JUSTICIA,Undirected,268,2
MANUEL,ROBERTO,Undirected,269,2
MANUEL,URTUBEY,Undirected,270,6
MANUEL,LAVAGNA,Undirected,271,2
MANUEL,MASSA,Undirected,272,2
MANUEL,SERGIO,Undirected,273,2
MANUEL,JUAN,Undirected,274,6
RATIFICÓ,VIDAL,Undirected,275,2
RATIFICÓ,MACRI,Undirected,276,2
DIPUTADO,ATAQUE,Undirected,277,3
DIPUTADO,BALEADO,Undirected,278,3
DIPUTADO,DIO,Undirected,279,2
DIPUTADO,LUEGO,Undirected,280,2
DIPUTADO,HÉCTOR,Undirected,281,15
DIPUTADO,OLIVARES,Undirected,282,16
DIPUTADO,QUIÉN,Undirected,283,2
DIPUTADO,MIGUEL,Undirected,284,4
DIPUTADO,CONGRESO,Undirected,285,7
DIPUTADO,YADÓN,Undirected,286,4
DIPUTADO,MACRI,Undirected,287,2
LUEGO,OLIVARES,Undirected,288,2
LUEGO,HÉCTOR,Undirected,289,2
AÑOS,PRISIÓN,Undirected,290,2
AÑOS,DOS,Undirected,291,2
AÑOS,ELECTORAL,Undirected,292,2
AÑOS,VIDO,Undirected,293,2
AÑOS,30,Undirected,294,2
AÑOS,GENERAL,Undirected,295,2
AÑOS,KIRCHNER,Undirected,296,3
AÑOS,MAURICIO,Undirected,297,2
AÑOS,MACRI,Undirected,298,4
AÑOS,CUATRO,Undirected,299,4
AÑOS,CRISTINA,Undirected,300,4
AÑOS,10,Undirected,301,3
MACRI,ELISA,Undirected,302,5
MACRI,HÉCTOR,Undirected,303,4
MACRI,CÓRDOBA,Undirected,304,4
MACRI,CONTESTÓ,Undirected,305,3
MACRI,SERGIO,Undirected,306,6
MACRI,EUGENIA,Undirected,307,5
MACRI,CANDIDATURA,Undirected,308,3
MACRI,MEJOR,Undirected,309,2
MACRI,APOYO,Undirected,310,2
MACRI,ROSADA,Undirected,311,2
MACRI,RADICALES,Undirected,312,2
MACRI,URTUBEY,Undirected,313,2
MACRI,PEÑA,Undirected,314,6
MACRI,PRESIDENCIAL,Undirected,315,2
MACRI,MIGUEL,Undirected,316,2
MACRI,AMPLIAR,Undirected,317,2
MACRI,MOMENTO,Undirected,318,3
MACRI,MAURICIO,Undirected,319,94
MACRI,CRÍTICAS,Undirected,320,3
MACRI,QUIERE,Undirected,321,2
MACRI,ALTERNATIVA,Undirected,322,2
MACRI,FEDERAL,Undirected,323,4
MACRI,PJ,Undirected,324,2
MACRI,MASSA,Undirected,325,8
MACRI,ROBERTO,Undirected,326,3
MACRI,LOUSTEAU,Undirected,327,3
MACRI,MERCADOS,Undirected,328,2
MACRI,JULIO,Undirected,329,2
MACRI,SCHIARETTI,Undirected,330,7
MACRI,DIÁLOGO,Undirected,331,2
MACRI,LAVAGNA,Undirected,332,4
MACRI,ROGELIO,Undirected,333,4
MACRI,OPOSICIÓN,Undirected,334,3
MACRI,VOLVIÓ,Undirected,335,2
MACRI,UU,Undirected,336,2
MACRI,ACTO,Undirected,337,2
MACRI,FRENTE,Undirected,338,2
MACRI,FOTO,Undirected,339,3
MACRI,ELECCIONES,Undirected,340,4
MACRI,MARÍA,Undirected,341,6
MACRI,SCIOLI,Undirected,342,2
MACRI,FERNÁNDEZ,Undirected,343,2
MACRI,CORNEJO,Undirected,344,4
MACRI,GOBERNADORES,Undirected,345,2
MACRI,CAMPAÑA,Undirected,346,3
MACRI,ELECTORALES,Undirected,347,2
MACRI,TRES,Undirected,348,2
MACRI,ALFREDO,Undirected,349,2
MACRI,RECIBIÓ,Undirected,350,5
MACRI,QUIÉN,Undirected,351,2
MACRI,RIESGO,Undirected,352,2
MACRI,ACUERDO,Undirected,353,7
MACRI,IDEA,Undirected,354,2
MACRI,BOLSONARO,Undirected,355,2
MACRI,ATAQUE,Undirected,356,3
MACRI,VIDAL,Undirected,357,9
MACRI,CASA,Undirected,358,3
MACRI,CANDIDATO,Undirected,359,5
MACRI,ECONOMÍA,Undirected,360,2
MACRI,GABINETE,Undirected,361,3
MACRI,EE,Undirected,362,2
MACRI,VIDEO,Undirected,363,2
MACRI,VOLVER,Undirected,364,3
MACRI,REFERENTES,Undirected,365,2
MACRI,HOY,Undirected,366,2
MACRI,MARIO,Undirected,367,2
MACRI,GOBIERNO,Undirected,368,5
MACRI,MARCOS,Undirected,369,6
MACRI,CAMBIEMOS,Undirected,370,7
MACRI,DANIEL,Undirected,371,2
MACRI,DOS,Undirected,372,5
MACRI,ENCUESTAS,Undirected,373,4
MACRI,ATRÁS,Undirected,374,3
MACRI,CRISTINA,Undirected,375,22
MACRI,PRESIDENTE,Undirected,376,6
MACRI,10,Undirected,377,2
MACRI,K,Undirected,378,2
MACRI,LUIS,Undirected,379,2
MACRI,OLIVARES,Undirected,380,5
MACRI,AFIRMÓ,Undirected,381,3
MACRI,MEDIO,Undirected,382,2
MACRI,LLAMADO,Undirected,383,2
MACRI,PUNTOS,Undirected,384,2
MACRI,KIRCHNER,Undirected,385,14
MACRI,CORTE,Undirected,386,2
MACRI,PRO,Undirected,387,2
MACRI,CARRIÓ,Undirected,388,5
MACRI,PAÍS,Undirected,389,4
MACRI,JUAN,Undirected,390,9
DICTADURA,IGLESIA,Undirected,391,2
DICTADURA,TRES,Undirected,392,2
DICTADURA,VÍCTIMAS,Undirected,393,2
VIDEO,MIGUEL,Undirected,394,3
VIDEO,MAURICIO,Undirected,395,2
VIDEO,OLIVARES,Undirected,396,4
VIDEO,YADÓN,Undirected,397,3
VIDEO,HÉCTOR,Undirected,398,4
VIDEO,CÉSAR,Undirected,399,2
VIDEO,MILANI,Undirected,400,2
VIDEO,CRISTINA,Undirected,401,3
VIDEO,KIRCHNER,Undirected,402,2
VIDEO,MOMENTO,Undirected,403,2
SCHIARETTI,ACUERDO,Undirected,404,2
SCHIARETTI,PJ,Undirected,405,5
SCHIARETTI,GOBIERNO,Undirected,406,3
SCHIARETTI,CÓRDOBA,Undirected,407,5
SCHIARETTI,CAMBIEMOS,Undirected,408,2
SCHIARETTI,NEGRI,Undirected,409,3
SCHIARETTI,ROBERTO,Undirected,410,5
SCHIARETTI,RECIBIÓ,Undirected,411,2
SCHIARETTI,PELEA,Undirected,412,3
SCHIARETTI,CUMBRE,Undirected,413,3
SCHIARETTI,ALTERNATIVA,Undirected,414,5
SCHIARETTI,LAVAGNA,Undirected,415,6
SCHIARETTI,KIRCHNERISMO,Undirected,416,2
SCHIARETTI,MIGUEL,Undirected,417,2
SCHIARETTI,MAURICIO,Undirected,418,6
SCHIARETTI,ELECCIONES,Undirected,419,4
SCHIARETTI,MARIO,Undirected,420,2
SCHIARETTI,JUAN,Undirected,421,25
SCHIARETTI,FEDERAL,Undirected,422,9
MENSAJE,KIRCHNER,Undirected,423,2
MENSAJE,CRISTINA,Undirected,424,2
AMENAZAS,GOBIERNO,Undirected,425,2
AMENAZAS,BOMBA,Undirected,426,2
AMENAZAS,CASA,Undirected,427,2
AMENAZAS,ROSADA,Undirected,428,2
BOUDOU,CASACIÓN,Undirected,429,2
BOUDOU,AMADO,Undirected,430,5
PRÓXIMO,PARO,Undirected,431,2
PÚBLICA,CRUZ,Undirected,432,3
PÚBLICA,ORAL,Undirected,433,3
PÚBLICA,CRISTINA,Undirected,434,5
PÚBLICA,OBRA,Undirected,435,6
PÚBLICA,CORRUPCIÓN,Undirected,436,3
PÚBLICA,JUICIO,Undirected,437,5
PÚBLICA,SANTA,Undirected,438,3
PÚBLICA,KIRCHNER,Undirected,439,4
RICARDO,ECHEGARAY,Undirected,440,4
RICARDO,FISCALES,Undirected,441,2
RICARDO,NUEVO,Undirected,442,3
RICARDO,JUICIO,Undirected,443,5
RICARDO,ELECTORAL,Undirected,444,3
RICARDO,ORAL,Undirected,445,5
RICARDO,CARRIÓ,Undirected,446,2
RICARDO,ARMAR,Undirected,447,2
RICARDO,FRENTE,Undirected,448,2
RICARDO,ALFONSÍN,Undirected,449,5
RICARDO,ELISA,Undirected,450,2
DECISIÓN,GOBIERNO,Undirected,451,2
DECISIÓN,CORTE,Undirected,452,4
DECISIÓN,IMPUNIDAD,Undirected,453,2
DECISIÓN,CRISTINA,Undirected,454,2
RIOJA,OLIVARES,Undirected,455,2
RIOJA,MILANI,Undirected,456,4
RIOJA,ILEGAL,Undirected,457,2
RIOJA,REPRESIÓN,Undirected,458,2
RIOJA,JUICIO,Undirected,459,4
RIOJA,GENERAL,Undirected,460,2
ROGELIO,MAURICIO,Undirected,461,3
ROGELIO,ACUERDO,Undirected,462,3
ROGELIO,AMPLIAR,Undirected,463,2
ROGELIO,CAMBIEMOS,Undirected,464,5
HIZO,KIRCHNER,Undirected,465,2
HIZO,CRISTINA,Undirected,466,3
MARTES,CORTE,Undirected,467,3
MARTES,CRISTINA,Undirected,468,3
MARTES,GOBIERNO,Undirected,469,3
MARTES,JUICIO,Undirected,470,2
MARTES,PARO,Undirected,471,3
MARTES,KIRCHNER,Undirected,472,2
GENERAL,CÉSAR,Undirected,473,2
GENERAL,MILANI,Undirected,474,3
GENERAL,JUICIO,Undirected,475,4
GENERAL,PARO,Undirected,476,2
GENERAL,CGT,Undirected,477,2
VOLVER,MAURICIO,Undirected,478,2
VOLVER,ATRÁS,Undirected,479,3
VOLVER,CRISTINA,Undirected,480,3
VOLVER,ELECTORAL,Undirected,481,2
VOLVER,KIRCHNER,Undirected,482,3
AMADO,CASACIÓN,Undirected,483,2
REFERENTES,MAURICIO,Undirected,484,2
REFERENTES,K,Undirected,485,3
MADRE,KIRCHNER,Undirected,486,6
MADRE,MURIÓ,Undirected,487,3
MADRE,CRISTINA,Undirected,488,5
DIPUTADOS,BOMBA,Undirected,489,2
DIPUTADOS,OLIVARES,Undirected,490,2
DIPUTADOS,CIUDAD,Undirected,491,2
DIPUTADOS,HÉCTOR,Undirected,492,2
DIPUTADOS,CARRIÓ,Undirected,493,2
DIPUTADOS,ELECTORALES,Undirected,494,2
DIPUTADOS,PROYECTO,Undirected,495,3
DIPUTADOS,ELISA,Undirected,496,2
DIPUTADOS,LEY,Undirected,497,3
DIRIGENTE,NUEVO,Undirected,498,2
DIRIGENTE,JUICIO,Undirected,499,2
DIRIGENTE,SOCIAL,Undirected,500,2
FOTO,MAURICIO,Undirected,501,3
FOTO,VIDAL,Undirected,502,2
FOTO,PJ,Undirected,503,2
FOTO,CRISTINA,Undirected,504,5
FOTO,JUICIO,Undirected,505,2
FOTO,JUAN,Undirected,506,2
FOTO,KIRCHNER,Undirected,507,4
LLAMADO,KIRCHNER,Undirected,508,2
MARÍA,EUGENIA,Undirected,509,26
MARÍA,FE,Undirected,510,2
MARÍA,VIDAL,Undirected,511,22
MARÍA,LAVAGNA,Undirected,512,3
MARÍA,DUDAS,Undirected,513,2
MARÍA,SANTA,Undirected,514,2
MARÍA,CANDIDATO,Undirected,515,2
MARÍA,ROBERTO,Undirected,516,3
MARÍA,MAURICIO,Undirected,517,5
MARÍA,FELIPE,Undirected,518,3
MARÍA,JULIO,Undirected,519,3
MARÍA,PRESIDENTE,Undirected,520,4
MARÍA,MEDIDAS,Undirected,521,4
MARÍA,ELECCIONES,Undirected,522,2
MARÍA,CANDIDATA,Undirected,523,4
MARÍA,PROVINCIA,Undirected,524,3
VIDA,PERÓN,Undirected,525,2
SCIOLI,DANIEL,Undirected,526,11
SCIOLI,LAVAGNA,Undirected,527,3
SCIOLI,ACUERDO,Undirected,528,2
SCIOLI,CRISTINA,Undirected,529,5
SCIOLI,DOS,Undirected,530,2
SCIOLI,GOBERNADORES,Undirected,531,2
SCIOLI,FELIPE,Undirected,532,2
SCIOLI,KIRCHNER,Undirected,533,5
SCIOLI,FEDERAL,Undirected,534,3
ECHEGARAY,ORAL,Undirected,535,3
ECHEGARAY,JUICIO,Undirected,536,3
ECHEGARAY,EX,Undirected,537,2
ECHEGARAY,FISCALES,Undirected,538,2
GOBERNADORES,MAURICIO,Undirected,539,2
GOBERNADORES,ACUERDO,Undirected,540,2
GOBERNADORES,CRISTINA,Undirected,541,2
GOBERNADORES,GOBIERNO,Undirected,542,3
CAMPAÑA,KIRCHNER,Undirected,543,2
CAMPAÑA,MAURICIO,Undirected,544,3
CAMPAÑA,CARRIÓ,Undirected,545,3
CAMPAÑA,MASSA,Undirected,546,2
CAMPAÑA,CRISTINA,Undirected,547,4
CAMPAÑA,GOBIERNO,Undirected,548,3
CAMPAÑA,CAMBIEMOS,Undirected,549,2
CAMPAÑA,ELISA,Undirected,550,3
CAMPAÑA,SERGIO,Undirected,551,2
CAMPAÑA,K,Undirected,552,2
KICILLOF,INTENDENTES,Undirected,553,2
KICILLOF,PJ,Undirected,554,3
KICILLOF,KIRCHNER,Undirected,555,2
OPOSICIÓN,DIÁLOGO,Undirected,556,2
OPOSICIÓN,MAURICIO,Undirected,557,2
OPOSICIÓN,ACUERDO,Undirected,558,4
OPOSICIÓN,GOBIERNO,Undirected,559,7
OPOSICIÓN,KIRCHNER,Undirected,560,2
JUICIO,CRUZ,Undirected,561,4
JUICIO,PRIMER,Undirected,562,12
JUICIO,EX,Undirected,563,3
JUICIO,FERNÁNDEZ,Undirected,564,4
JUICIO,NUEVO,Undirected,565,4
JUICIO,MILANI,Undirected,566,7
JUICIO,ORAL,Undirected,567,21
JUICIO,HOY,Undirected,568,2
JUICIO,OBRA,Undirected,569,5
JUICIO,CONFIRMÓ,Undirected,570,2
JUICIO,FISCALES,Undirected,571,2
JUICIO,CAUSA,Undirected,572,3
JUICIO,RECLAMA,Undirected,573,2
JUICIO,CÉSAR,Undirected,574,4
JUICIO,JUEZ,Undirected,575,2
JUICIO,TOF,Undirected,576,3
JUICIO,VOLVIÓ,Undirected,577,2
JUICIO,SOCIAL,Undirected,578,2
JUICIO,CLAUDIO,Undirected,579,2
JUICIO,MAYO,Undirected,580,4
JUICIO,GOBIERNO,Undirected,581,5
JUICIO,ILEGAL,Undirected,582,4
JUICIO,SANTA,Undirected,583,4
JUICIO,CONFIRMAN,Undirected,584,2
JUICIO,CRISTINA,Undirected,585,46
JUICIO,REPRESIÓN,Undirected,586,4
JUICIO,KIRCHNER,Undirected,587,37
JUICIO,CORTE,Undirected,588,12
JUICIO,CORRUPCIÓN,Undirected,589,8
JUICIO,ALBERTO,Undirected,590,4
PROVINCIA,EUGENIA,Undirected,591,3
PROVINCIA,ROBERTO,Undirected,592,2
PROVINCIA,VIDAL,Undirected,593,4
PROVINCIA,LAVAGNA,Undirected,594,2
PROVINCIA,KIRCHNERISMO,Undirected,595,2
PROVINCIA,MASSA,Undirected,596,3
PROVINCIA,PRESIDENTE,Undirected,597,2
ELECTORALES,MAURICIO,Undirected,598,2
ELECTORALES,LEY,Undirected,599,2
ELECTORALES,ENCUESTAS,Undirected,600,2
MANZANARES,VÍCTOR,Undirected,601,7
MANZANARES,MILLONES,Undirected,602,3
MANZANARES,US,Undirected,603,2
MANZANARES,KIRCHNER,Undirected,604,4
MANZANARES,CRISTINA,Undirected,605,3
CUMBRE,FEDERAL,Undirected,606,2
CUMBRE,LAVAGNA,Undirected,607,2
CUMBRE,PJ,Undirected,608,3
CUMBRE,JUAN,Undirected,609,3
CASO,D,Undirected,610,9
CASO,ALBERTO,Undirected,611,2
CASO,RAMOS,Undirected,612,3
CASO,PLATA,Undirected,613,2
CASO,JUEZ,Undirected,614,3
CASO,MAR,Undirected,615,2
CASO,ALESSIO,Undirected,616,9
COMODORO,PY,Undirected,617,5
COMODORO,KIRCHNER,Undirected,618,2
COMODORO,CRISTINA,Undirected,619,3
OBRA,CRUZ,Undirected,620,3
OBRA,ORAL,Undirected,621,3
OBRA,CRISTINA,Undirected,622,6
OBRA,CORRUPCIÓN,Undirected,623,3
OBRA,SANTA,Undirected,624,3
OBRA,KIRCHNER,Undirected,625,5
MEDIDAS,EUGENIA,Undirected,626,4
MEDIDAS,VIDAL,Undirected,627,4
RODRÍGUEZ,KIRCHNER,Undirected,628,4
RODRÍGUEZ,CRISTINA,Undirected,629,4
QUIÉN,PRESIDENTE,Undirected,630,2
QUIÉN,OLIVARES,Undirected,631,2
QUIÉN,HÉCTOR,Undirected,632,2
JUSTICIA,FERNÁNDEZ,Undirected,633,2
JUSTICIA,PRESIDENTE,Undirected,634,2
JUSTICIA,CORTE,Undirected,635,2
JUSTICIA,ALBERTO,Undirected,636,3
JUSTICIA,CAUSA,Undirected,637,2
JUSTICIA,CRISTINA,Undirected,638,3
JUSTICIA,GOBIERNO,Undirected,639,3
JUSTICIA,LÁZARO,Undirected,640,2
JUSTICIA,KIRCHNER,Undirected,641,4
IDEA,CAMBIEMOS,Undirected,642,2
IDEA,MAURICIO,Undirected,643,2
IDEA,AMPLIAR,Undirected,644,2
BOLSONARO,MAURICIO,Undirected,645,2
VIDAL,CÓRDOBA,Undirected,646,3
VIDAL,MARIO,Undirected,647,2
VIDAL,DUDAS,Undirected,648,2
VIDAL,NEGRI,Undirected,649,2
VIDAL,ROBERTO,Undirected,650,3
VIDAL,JULIO,Undirected,651,3
VIDAL,CRISTINA,Undirected,652,2
VIDAL,PRESIDENTE,Undirected,653,4
VIDAL,LAVAGNA,Undirected,654,4
VIDAL,MARCOS,Undirected,655,2
VIDAL,EUGENIA,Undirected,656,22
VIDAL,PEÑA,Undirected,657,2
VIDAL,CANDIDATA,Undirected,658,3
VIDAL,KIRCHNER,Undirected,659,2
VIDAL,MAURICIO,Undirected,660,6
VIDAL,FELIPE,Undirected,661,3
VIDAL,ELECCIONES,Undirected,662,2
PERONISTA,GOBIERNO,Undirected,663,2
PERONISTA,CÓRDOBA,Undirected,664,2
PERONISTA,GOBERNADOR,Undirected,665,2
CASA,BOMBA,Undirected,666,2
CASA,MAURICIO,Undirected,667,2
CASA,CRISTINA,Undirected,668,4
CASA,KIRCHNER,Undirected,669,5
CASA,ROSADA,Undirected,670,10
CANDIDATO,ROBERTO,Undirected,671,4
CANDIDATO,FERNÁNDEZ,Undirected,672,4
CANDIDATO,CORNEJO,Undirected,673,2
CANDIDATO,LAVAGNA,Undirected,674,4
CANDIDATO,PJ,Undirected,675,2
CANDIDATO,CAMBIEMOS,Undirected,676,4
CANDIDATO,PELEA,Undirected,677,2
CANDIDATO,ALFREDO,Undirected,678,2
CANDIDATO,KIRCHNER,Undirected,679,4
CANDIDATO,MAURICIO,Undirected,680,5
CANDIDATO,CARRIÓ,Undirected,681,2
CANDIDATO,CRISTINA,Undirected,682,4
CANDIDATO,FRENTE,Undirected,683,2
CANDIDATO,ALBERTO,Undirected,684,4
CANDIDATO,PRESIDENTE,Undirected,685,5
GABINETE,MAURICIO,Undirected,686,3
ALFONSÍN,FRENTE,Undirected,687,2
ALFONSÍN,ELECTORAL,Undirected,688,3
ALFONSÍN,ARMAR,Undirected,689,2
ALFONSÍN,NUEVO,Undirected,690,3
CRISTINA,PRIMER,Undirected,691,12
CRISTINA,CRUZ,Undirected,692,4
CRISTINA,JUEZ,Undirected,693,5
CRISTINA,HÉCTOR,Undirected,694,2
CRISTINA,CÁMPORA,Undirected,695,4
CRISTINA,NUEVA,Undirected,696,4
CRISTINA,MEJOR,Undirected,697,2
CRISTINA,SERGIO,Undirected,698,4
CRISTINA,CONFIRMÓ,Undirected,699,2
CRISTINA,LAVADO,Undirected,700,2
CRISTINA,SANTA,Undirected,701,4
CRISTINA,DANIEL,Undirected,702,6
CRISTINA,PEÑA,Undirected,703,3
CRISTINA,PRESIDENCIAL,Undirected,704,2
CRISTINA,MÁXIMO,Undirected,705,2
CRISTINA,RECLAMA,Undirected,706,2
CRISTINA,MIGUEL,Undirected,707,2
CRISTINA,ELISA,Undirected,708,3
CRISTINA,FLORENCIA,Undirected,709,2
CRISTINA,MAURICIO,Undirected,710,15
CRISTINA,CUÁNTO,Undirected,711,3
CRISTINA,DÍA,Undirected,712,3
CRISTINA,CRÍTICAS,Undirected,713,3
CRISTINA,SINCERAMENTE,Undirected,714,7
CRISTINA,NÉSTOR,Undirected,715,2
CRISTINA,PY,Undirected,716,3
CRISTINA,PJ,Undirected,717,11
CRISTINA,MAYO,Undirected,718,3
CRISTINA,COALICIÓN,Undirected,719,2
CRISTINA,CONFIRMAN,Undirected,720,2
CRISTINA,PRESENTÓ,Undirected,721,3
CRISTINA,JUAN,Undirected,722,4
CRISTINA,KIRCHNERISMO,Undirected,723,3
CRISTINA,ORAL,Undirected,724,10
CRISTINA,SEGURIDAD,Undirected,725,2
CRISTINA,AFIRMÓ,Undirected,726,2
CRISTINA,DIO,Undirected,727,2
CRISTINA,ACTO,Undirected,728,4
CRISTINA,HUGO,Undirected,729,3
CRISTINA,MARCELO,Undirected,730,2
CRISTINA,POSIBILIDAD,Undirected,731,2
CRISTINA,CUADERNOS,Undirected,732,2
CRISTINA,CANDIDATURA,Undirected,733,6
CRISTINA,FERNÁNDEZ,Undirected,734,32
CRISTINA,EX,Undirected,735,7
CRISTINA,ACUERDO,Undirected,736,4
CRISTINA,PIDEN,Undirected,737,2
CRISTINA,NUEVO,Undirected,738,2
CRISTINA,OSCAR,Undirected,739,2
CRISTINA,CLAUDIO,Undirected,740,3
CRISTINA,MARCOS,Undirected,741,3
CRISTINA,RIESGO,Undirected,742,2
CRISTINA,POLARIZACIÓN,Undirected,743,2
CRISTINA,MANDÓ,Undirected,744,5
CRISTINA,CAUSA,Undirected,745,8
CRISTINA,CORRUPCIÓN,Undirected,746,10
CRISTINA,CANDIDATA,Undirected,747,5
CRISTINA,PRIMERA,Undirected,748,6
CRISTINA,JULIO,Undirected,749,3
CRISTINA,VOLVIÓ,Undirected,750,2
CRISTINA,PESE,Undirected,751,3
CRISTINA,HOY,Undirected,752,3
CRISTINA,MASSA,Undirected,753,6
CRISTINA,GOBIERNO,Undirected,754,23
CRISTINA,TOF,Undirected,755,5
CRISTINA,JUDICIAL,Undirected,756,2
CRISTINA,FÓRMULA,Undirected,757,7
CRISTINA,CAMBIEMOS,Undirected,758,2
CRISTINA,DOS,Undirected,759,4
CRISTINA,ENCUESTAS,Undirected,760,3
CRISTINA,FRENTE,Undirected,761,3
CRISTINA,PRESIDENTE,Undirected,762,3
CRISTINA,VÍCTOR,Undirected,763,3
CRISTINA,VICE,Undirected,764,3
CRISTINA,10,Undirected,765,4
CRISTINA,K,Undirected,766,6
CRISTINA,POLÍTICA,Undirected,767,5
CRISTINA,DIRIGENTES,Undirected,768,3
CRISTINA,ELECTORAL,Undirected,769,3
CRISTINA,VIDO,Undirected,770,3
CRISTINA,FERIA,Undirected,771,6
CRISTINA,ANUNCIO,Undirected,772,4
CRISTINA,PROCESAMIENTO,Undirected,773,3
CRISTINA,TRES,Undirected,774,3
CRISTINA,KIRCHNER,Undirected,775,162
CRISTINA,CORTE,Undirected,776,17
CRISTINA,TEMOR,Undirected,777,2
CRISTINA,FELIPE,Undirected,778,2
CRISTINA,SORPRESA,Undirected,779,3
CRISTINA,LIBRO,Undirected,780,25
CRISTINA,CARRIÓ,Undirected,781,4
CRISTINA,ALBERTO,Undirected,782,35
CRISTINA,URTUBEY,Undirected,783,2
000,GOBIERNO,Undirected,784,2
000,MILLONES,Undirected,785,3
000,US,Undirected,786,2
000,10,Undirected,787,2
RIESGO,MAURICIO,Undirected,788,2
RIESGO,FRENTE,Undirected,789,2
RIESGO,PAÍS,Undirected,790,2
RIESGO,ALTERNATIVA,Undirected,791,2
RIESGO,FEDERAL,Undirected,792,2
PRIMERA,FERNÁNDEZ,Undirected,793,3
PRIMERA,ALBERTO,Undirected,794,5
PRIMERA,KIRCHNER,Undirected,795,3
ILEGAL,MILANI,Undirected,796,4
ILEGAL,CÉSAR,Undirected,797,2
ILEGAL,REPRESIÓN,Undirected,798,5
IGLESIA,DIÁLOGO,Undirected,799,3
IGLESIA,ACUERDO,Undirected,800,2
IGLESIA,GOBIERNO,Undirected,801,5
IGLESIA,NACIONAL,Undirected,802,2
IGLESIA,TRES,Undirected,803,2
IGLESIA,VÍCTIMAS,Undirected,804,2
PESE,KIRCHNER,Undirected,805,3
HOY,FERNÁNDEZ,Undirected,806,3
HOY,ALBERTO,Undirected,807,3
HOY,PARO,Undirected,808,2
HOY,KIRCHNER,Undirected,809,3
APOYO,JUAN,Undirected,810,2
MARIO,MAURICIO,Undirected,811,2
MARIO,CARRIÓ,Undirected,812,3
MARIO,CÓRDOBA,Undirected,813,3
MARIO,JUAN,Undirected,814,2
MARIO,NEGRI,Undirected,815,7
MARIO,ELISA,Undirected,816,3
GOBIERNO,FERNÁNDEZ,Undirected,817,3
GOBIERNO,TRANSPORTE,Undirected,818,5
GOBIERNO,HÉCTOR,Undirected,819,3
GOBIERNO,NUEVO,Undirected,820,3
GOBIERNO,SERGIO,Undirected,821,3
GOBIERNO,PARO,Undirected,822,13
GOBIERNO,RECIBIÓ,Undirected,823,2
GOBIERNO,CONFIRMÓ,Undirected,824,2
GOBIERNO,POLARIZACIÓN,Undirected,825,2
GOBIERNO,ACUERDO,Undirected,826,14
GOBIERNO,DIRIGENTES,Undirected,827,3
GOBIERNO,CANDIDATURA,Undirected,828,2
GOBIERNO,URTUBEY,Undirected,829,2
GOBIERNO,MILLONES,Undirected,830,4
GOBIERNO,K,Undirected,831,2
GOBIERNO,SINDICALISTAS,Undirected,832,3
GOBIERNO,MIGUEL,Undirected,833,2
GOBIERNO,PEDIR,Undirected,834,2
GOBIERNO,CORTE,Undirected,835,5
GOBIERNO,GREMIOS,Undirected,836,2
GOBIERNO,MAURICIO,Undirected,837,3
GOBIERNO,CRÍTICAS,Undirected,838,4
GOBIERNO,SINCERAMENTE,Undirected,839,2
GOBIERNO,25,Undirected,840,2
GOBIERNO,PJ,Undirected,841,3
GOBIERNO,MAYO,Undirected,842,2
GOBIERNO,MASSA,Undirected,843,4
GOBIERNO,JUDICIAL,Undirected,844,2
GOBIERNO,CAMBIEMOS,Undirected,845,2
GOBIERNO,DOS,Undirected,846,3
GOBIERNO,ENCUESTAS,Undirected,847,2
GOBIERNO,ROBERTO,Undirected,848,2
GOBIERNO,RESPONDIÓ,Undirected,849,2
GOBIERNO,HABER,Undirected,850,2
GOBIERNO,LAVAGNA,Undirected,851,3
GOBIERNO,MÁXIMO,Undirected,852,2
GOBIERNO,10,Undirected,853,4
GOBIERNO,CGT,Undirected,854,4
GOBIERNO,DIÁLOGO,Undirected,855,8
GOBIERNO,ALBERTO,Undirected,856,3
GOBIERNO,OLIVARES,Undirected,857,2
GOBIERNO,KIRCHNERISMO,Undirected,858,4
GOBIERNO,ANUNCIO,Undirected,859,2
GOBIERNO,PUNTOS,Undirected,860,5
GOBIERNO,KIRCHNER,Undirected,861,18
GOBIERNO,MERCADOS,Undirected,862,2
GOBIERNO,DIO,Undirected,863,2
GOBIERNO,LIBRO,Undirected,864,3
GOBIERNO,FRENTE,Undirected,865,2
GOBIERNO,ELECCIONES,Undirected,866,4
GOBIERNO,JUAN,Undirected,867,2
MARCOS,MAURICIO,Undirected,868,4
MARCOS,PEÑA,Undirected,869,15
MARCOS,KIRCHNER,Undirected,870,2
US,MILLONES,Undirected,871,4
URTUBEY,SERGIO,Undirected,872,2
URTUBEY,ACUERDO,Undirected,873,2
URTUBEY,MASSA,Undirected,874,2
URTUBEY,MIGUEL,Undirected,875,2
URTUBEY,KIRCHNER,Undirected,876,2
URTUBEY,ROBERTO,Undirected,877,3
URTUBEY,FEDERAL,Undirected,878,2
URTUBEY,MAURICIO,Undirected,879,2
URTUBEY,LAVAGNA,Undirected,880,3
URTUBEY,ALTERNATIVA,Undirected,881,2
URTUBEY,JUAN,Undirected,882,7
CÁMARA,JUEZ,Undirected,883,2
CÁMARA,PLATA,Undirected,884,2
CÁMARA,CAUSA,Undirected,885,3
CÁMARA,MAR,Undirected,886,2
CÁMARA,FEDERAL,Undirected,887,3
ATRÁS,ACTO,Undirected,888,2
ATRÁS,MAURICIO,Undirected,889,2
ATRÁS,KIRCHNER,Undirected,890,2
OSCAR,KIRCHNER,Undirected,891,2
ARMAR,NUEVO,Undirected,892,2
ARMAR,COALICIÓN,Undirected,893,2
ARMAR,CAMBIEMOS,Undirected,894,2
VÍCTOR,MILLONES,Undirected,895,2
VÍCTOR,KIRCHNER,Undirected,896,4
POSIBILIDAD,KIRCHNERISMO,Undirected,897,2
POSIBILIDAD,KIRCHNER,Undirected,898,2
FERIA,LIBRO,Undirected,899,10
FERIA,SINCERAMENTE,Undirected,900,2
FERIA,KIRCHNER,Undirected,901,6
ELISA,FERNÁNDEZ,Undirected,902,2
ELISA,CÓRDOBA,Undirected,903,2
ELISA,SANTA,Undirected,904,2
ELISA,CAMBIEMOS,Undirected,905,5
ELISA,NEGRI,Undirected,906,3
ELISA,RESPONDIÓ,Undirected,907,2
ELISA,CARRIÓ,Undirected,908,33
ELISA,IMPUNIDAD,Undirected,909,2
ELISA,DIRIGENTES,Undirected,910,2
ELISA,FE,Undirected,911,2
ELISA,ALBERTO,Undirected,912,2
ELISA,JOSÉ,Undirected,913,2
ELISA,MAL,Undirected,914,2
ELISA,KIRCHNER,Undirected,915,2
ELISA,MAURICIO,Undirected,916,5
ELISA,PRO,Undirected,917,2
ELISA,CRÍTICAS,Undirected,918,3
ELISA,BONFATTI,Undirected,919,2
ELISA,SOTA,Undirected,920,3
ELISA,LANZÓ,Undirected,921,2
CGT,29,Undirected,922,2
CGT,MEDIO,Undirected,923,2
CGT,PARO,Undirected,924,7
FISCALES,ORAL,Undirected,925,2
POLÍTICA,OLIVARES,Undirected,926,2
POLÍTICA,CAMBIEMOS,Undirected,927,2
POLÍTICA,KIRCHNER,Undirected,928,5
POLÍTICA,HÉCTOR,Undirected,929,2
DIRIGENTES,CARRIÓ,Undirected,930,2
DIRIGENTES,CAMBIEMOS,Undirected,931,3
DIRIGENTES,KIRCHNER,Undirected,932,2
LUIS,JOSÉ,Undirected,933,3
LUIS,JUEZ,Undirected,934,2
LUIS,LIBRO,Undirected,935,2
OLIVARES,ATAQUE,Undirected,936,10
OLIVARES,BALEADO,Undirected,937,5
OLIVARES,HÉCTOR,Undirected,938,30
OLIVARES,DETENIDO,Undirected,939,2
OLIVARES,MIGUEL,Undirected,940,10
OLIVARES,CONGRESO,Undirected,941,7
OLIVARES,PRESIDENTE,Undirected,942,2
OLIVARES,MAURICIO,Undirected,943,4
OLIVARES,YADÓN,Undirected,944,10
PLATA,D,Undirected,945,4
PLATA,CAUSA,Undirected,946,4
PLATA,MAR,Undirected,947,6
PLATA,ALESSIO,Undirected,948,4
PLATA,FEDERAL,Undirected,949,3
RESPONDIÓ,DIÁLOGO,Undirected,950,2
RESPONDIÓ,CARRIÓ,Undirected,951,2
AFIRMÓ,MAURICIO,Undirected,952,3
AFIRMÓ,KIRCHNER,Undirected,953,2
29,PARO,Undirected,954,3
29,MAYO,Undirected,955,2
GOBERNADOR,PJ,Undirected,956,2
PROCESAMIENTO,CONFIRMAN,Undirected,957,2
PROCESAMIENTO,KIRCHNER,Undirected,958,3
PUNTOS,ROBERTO,Undirected,959,2
PUNTOS,MAURICIO,Undirected,960,2
PUNTOS,ACUERDO,Undirected,961,3
PUNTOS,LAVAGNA,Undirected,962,2
PUNTOS,10,Undirected,963,5
KIRCHNER,PRIMER,Undirected,964,8
KIRCHNER,CRUZ,Undirected,965,3
KIRCHNER,JUEZ,Undirected,966,3
KIRCHNER,PRESENTÓ,Undirected,967,3
KIRCHNER,HÉCTOR,Undirected,968,2
KIRCHNER,FERNÁNDEZ,Undirected,969,29
KIRCHNER,NUEVA,Undirected,970,2
KIRCHNER,NÉSTOR,Undirected,971,6
KIRCHNER,SERGIO,Undirected,972,3
KIRCHNER,ORAL,Undirected,973,8
KIRCHNER,CANDIDATURA,Undirected,974,6
KIRCHNER,MEJOR,Undirected,975,2
KIRCHNER,DANIEL,Undirected,976,6
KIRCHNER,PEÑA,Undirected,977,2
KIRCHNER,PRESIDENCIAL,Undirected,978,2
KIRCHNER,FÓRMULA,Undirected,979,7
KIRCHNER,10,Undirected,980,4
KIRCHNER,FLORENCIA,Undirected,981,5
KIRCHNER,NUEVO,Undirected,982,2
KIRCHNER,MAURICIO,Undirected,983,11
KIRCHNER,DÍA,Undirected,984,3
KIRCHNER,SINCERAMENTE,Undirected,985,6
KIRCHNER,PJ,Undirected,986,8
KIRCHNER,MAYO,Undirected,987,2
KIRCHNER,COALICIÓN,Undirected,988,3
KIRCHNER,CONFIRMAN,Undirected,989,2
KIRCHNER,JULIO,Undirected,990,3
KIRCHNER,TOF,Undirected,991,2
KIRCHNER,KIRCHNERISMO,Undirected,992,2
KIRCHNER,SEGURIDAD,Undirected,993,2
KIRCHNER,EX,Undirected,994,5
KIRCHNER,LIBRO,Undirected,995,24
KIRCHNER,VOLVIÓ,Undirected,996,2
KIRCHNER,DIO,Undirected,997,2
KIRCHNER,ACTO,Undirected,998,7
KIRCHNER,FRENTE,Undirected,999,2
KIRCHNER,CUADERNOS,Undirected,1000,3
KIRCHNER,CÁMPORA,Undirected,1001,2
KIRCHNER,ACUERDO,Undirected,1002,4
KIRCHNER,CONFIRMÓ,Undirected,1003,2
KIRCHNER,HUGO,Undirected,1004,3
KIRCHNER,MANDÓ,Undirected,1005,3
KIRCHNER,CANDIDATA,Undirected,1006,4
KIRCHNER,K,Undirected,1007,4
KIRCHNER,CAUSA,Undirected,1008,6
KIRCHNER,CORRUPCIÓN,Undirected,1009,7
KIRCHNER,PIDEN,Undirected,1010,2
KIRCHNER,CLAUDIO,Undirected,1011,3
KIRCHNER,MASSA,Undirected,1012,4
KIRCHNER,JUDICIAL,Undirected,1013,2
KIRCHNER,SANTA,Undirected,1014,3
KIRCHNER,DOS,Undirected,1015,2
KIRCHNER,PRESIDENTE,Undirected,1016,3
KIRCHNER,MÁXIMO,Undirected,1017,10
KIRCHNER,PY,Undirected,1018,2
KIRCHNER,ELECTORAL,Undirected,1019,4
KIRCHNER,VIDO,Undirected,1020,2
KIRCHNER,ANUNCIO,Undirected,1021,4
KIRCHNER,INTENDENTES,Undirected,1022,2
KIRCHNER,CORTE,Undirected,1023,11
KIRCHNER,TEMOR,Undirected,1024,2
KIRCHNER,FELIPE,Undirected,1025,2
KIRCHNER,SORPRESA,Undirected,1026,2
KIRCHNER,CARRIÓ,Undirected,1027,3
KIRCHNER,ALBERTO,Undirected,1028,27
KIRCHNER,RECLAMA,Undirected,1029,2
KIRCHNER,JUAN,Undirected,1030,4
D,JUEZ,Undirected,1031,5
D,RAMOS,Undirected,1032,3
D,CAUSA,Undirected,1033,3
D,MAR,Undirected,1034,4
D,ALESSIO,Undirected,1035,14
D,MARCELO,Undirected,1036,2
D,FEDERAL,Undirected,1037,2
CIUDAD,SEGURIDAD,Undirected,1038,2
CORTE,PRIMER,Undirected,1039,2
CORTE,CONFIRMÓ,Undirected,1040,2
CORTE,PRESIDENTE,Undirected,1041,2
CORTE,MANDÓ,Undirected,1042,2
CORTE,IMPUNIDAD,Undirected,1043,4
CORTE,K,Undirected,1044,2
CORTE,CAUSA,Undirected,1045,3
CORTE,RECLAMA,Undirected,1046,2
CORTE,TRES,Undirected,1047,2
CORTE,TOF,Undirected,1048,4
CORTE,MAURICIO,Undirected,1049,2
CORTE,CRÍTICAS,Undirected,1050,2
PRO,MAURICIO,Undirected,1051,2
PRO,CARRIÓ,Undirected,1052,2
PRO,CAMBIEMOS,Undirected,1053,2
LEY,PROYECTO,Undirected,1054,2
JOSÉ,CARRIÓ,Undirected,1055,2
CASACIÓN,CONFIRMÓ,Undirected,1056,2
CASACIÓN,CAUSA,Undirected,1057,2
CASACIÓN,RECHAZÓ,Undirected,1058,2
INTENDENTES,FERNÁNDEZ,Undirected,1059,2
INTENDENTES,PJ,Undirected,1060,4
BONAERENSE,CAMBIEMOS,Undirected,1061,2
PRIMER,CORRUPCIÓN,Undirected,1062,5
PRIMER,FERNÁNDEZ,Undirected,1063,3
PRIMER,ACTO,Undirected,1064,3
PRIMER,ORAL,Undirected,1065,5
PRIMER,ALBERTO,Undirected,1066,3
PRIMER,MAYO,Undirected,1067,2
BOMBA,AMENAZA,Undirected,1068,2
JUEZ,CLAUDIO,Undirected,1069,4
JUEZ,LICENCIA,Undirected,1070,3
JUEZ,RAMOS,Undirected,1071,5
JUEZ,LIBRO,Undirected,1072,2
JUEZ,DENUNCIA,Undirected,1073,2
JUEZ,ALESSIO,Undirected,1074,5
JUEZ,LAVADO,Undirected,1075,3
JUEZ,MAYO,Undirected,1076,3
JUEZ,JUAN,Undirected,1077,2
HÉCTOR,ATAQUE,Undirected,1078,10
HÉCTOR,BALEADO,Undirected,1079,4
HÉCTOR,YADÓN,Undirected,1080,10
HÉCTOR,MIGUEL,Undirected,1081,10
HÉCTOR,CONGRESO,Undirected,1082,7
HÉCTOR,MAURICIO,Undirected,1083,4
HÉCTOR,DETENIDO,Undirected,1084,2
LICENCIA,MAYO,Undirected,1085,3
LICENCIA,DENUNCIA,Undirected,1086,2
LICENCIA,CLAUDIO,Undirected,1087,3
NÉSTOR,FERNÁNDEZ,Undirected,1088,3
NÉSTOR,ALBERTO,Undirected,1089,2
CÓRDOBA,JUAN,Undirected,1090,5
CÓRDOBA,ELECTORAL,Undirected,1091,2
CÓRDOBA,DOS,Undirected,1092,2
CÓRDOBA,NEGRI,Undirected,1093,4
CÓRDOBA,MAURICIO,Undirected,1094,2
CÓRDOBA,CARRIÓ,Undirected,1095,4
CÓRDOBA,RADICAL,Undirected,1096,2
CÓRDOBA,ELECCIONES,Undirected,1097,10
CÓRDOBA,SOTA,Undirected,1098,2
CONTESTÓ,LAVAGNA,Undirected,1099,2
SERGIO,FERNÁNDEZ,Undirected,1100,3
SERGIO,ACUERDO,Undirected,1101,4
SERGIO,ROBERTO,Undirected,1102,5
SERGIO,PRESIDENTE,Undirected,1103,2
SERGIO,MASSA,Undirected,1104,28
SERGIO,K,Undirected,1105,2
SERGIO,DIÁLOGO,Undirected,1106,2
SERGIO,LAVAGNA,Undirected,1107,5
SERGIO,KIRCHNERISMO,Undirected,1108,3
SERGIO,MAURICIO,Undirected,1109,5
SERGIO,CRÍTICAS,Undirected,1110,2
SERGIO,ALBERTO,Undirected,1111,3
SERGIO,JUAN,Undirected,1112,2
EUGENIA,FE,Undirected,1113,2
EUGENIA,SANTA,Undirected,1114,2
EUGENIA,LAVAGNA,Undirected,1115,3
EUGENIA,DUDAS,Undirected,1116,2
EUGENIA,CANDIDATA,Undirected,1117,3
EUGENIA,ROBERTO,Undirected,1118,3
EUGENIA,MAURICIO,Undirected,1119,4
EUGENIA,FELIPE,Undirected,1120,3
EUGENIA,JULIO,Undirected,1121,3
EUGENIA,PRESIDENTE,Undirected,1122,4
EUGENIA,ELECCIONES,Undirected,1123,2
ORAL,CRUZ,Undirected,1124,3
ORAL,CÉSAR,Undirected,1125,2
ORAL,NUEVO,Undirected,1126,2
ORAL,MILANI,Undirected,1127,2
ORAL,SANTA,Undirected,1128,3
ORAL,CONFIRMAN,Undirected,1129,2
ORAL,MAYO,Undirected,1130,2
HIJO,LÁZARO,Undirected,1131,2
MARCELO,ALESSIO,Undirected,1132,2
CANDIDATURA,ROBERTO,Undirected,1133,3
CANDIDATURA,FERNÁNDEZ,Undirected,1134,10
CANDIDATURA,MAURICIO,Undirected,1135,2
CANDIDATURA,LAVAGNA,Undirected,1136,3
CANDIDATURA,ALBERTO,Undirected,1137,9
CANDIDATURA,ANUNCIO,Undirected,1138,3
CONFIRMÓ,ROBERTO,Undirected,1139,2
CONFIRMÓ,LAVAGNA,Undirected,1140,2
CONFIRMÓ,FEDERAL,Undirected,1141,3
CONVENCIÓN,AMPLIAR,Undirected,1142,2
CONVENCIÓN,CAMBIEMOS,Undirected,1143,3
MEJOR,MAURICIO,Undirected,1144,2
LAVADO,CUADERNOS,Undirected,1145,2
TENSIÓN,MEDIO,Undirected,1146,2
RADICALES,ROBERTO,Undirected,1147,2
RADICALES,LAVAGNA,Undirected,1148,2
RADICALES,MAURICIO,Undirected,1149,2
RADICALES,CAMBIEMOS,Undirected,1150,3
MILLONES,CORRUPCIÓN,Undirected,1151,2
MILLONES,10,Undirected,1152,3
PEÑA,MAURICIO,Undirected,1153,4
PRESIDENCIAL,LOUSTEAU,Undirected,1154,2
PRESIDENCIAL,FÓRMULA,Undirected,1155,2
MÁXIMO,FERNÁNDEZ,Undirected,1156,2
MÁXIMO,ACTO,Undirected,1157,3
MÁXIMO,ALBERTO,Undirected,1158,2
MIGUEL,LAVAGNA,Undirected,1159,5
MIGUEL,ATAQUE,Undirected,1160,5
MIGUEL,ROBERTO,Undirected,1161,4
MIGUEL,MAURICIO,Undirected,1162,2
MIGUEL,YADÓN,Undirected,1163,11
MIGUEL,VICE,Undirected,1164,3
MIGUEL,DETENIDO,Undirected,1165,2
MIGUEL,JUAN,Undirected,1166,5
AMPLIAR,ALFREDO,Undirected,1167,2
AMPLIAR,CORNEJO,Undirected,1168,2
AMPLIAR,CAMBIEMOS,Undirected,1169,8
RECHAZÓ,COALICIÓN,Undirected,1170,2
RECHAZÓ,CAMBIEMOS,Undirected,1171,2
RECHAZÓ,LOUSTEAU,Undirected,1172,2
MOMENTO,MAURICIO,Undirected,1173,2
MAURICIO,CORNEJO,Undirected,1174,4
MAURICIO,ACUERDO,Undirected,1175,6
MAURICIO,MERCADOS,Undirected,1176,2
MAURICIO,RECIBIÓ,Undirected,1177,4
MAURICIO,ATAQUE,Undirected,1178,3
MAURICIO,K,Undirected,1179,2
MAURICIO,10,Undirected,1180,2
MAURICIO,ALTERNATIVA,Undirected,1181,2
MAURICIO,VOLVIÓ,Undirected,1182,2
MAURICIO,FEDERAL,Undirected,1183,3
MAURICIO,PJ,Undirected,1184,2
MAURICIO,CAMBIEMOS,Undirected,1185,5
MAURICIO,DOS,Undirected,1186,4
MAURICIO,ENCUESTAS,Undirected,1187,3
MAURICIO,ROBERTO,Undirected,1188,3
MAURICIO,CARRIÓ,Undirected,1189,5
MAURICIO,JULIO,Undirected,1190,2
MAURICIO,CRÍTICAS,Undirected,1191,2
MAURICIO,PRESIDENTE,Undirected,1192,3
MAURICIO,MASSA,Undirected,1193,5
MAURICIO,ALFREDO,Undirected,1194,2
MAURICIO,LAVAGNA,Undirected,1195,3
MAURICIO,MEDIO,Undirected,1196,2
MAURICIO,TRES,Undirected,1197,2
MAURICIO,ACTO,Undirected,1198,2
MAURICIO,FRENTE,Undirected,1199,2
MAURICIO,PAÍS,Undirected,1200,3
MAURICIO,ELECCIONES,Undirected,1201,3
MAURICIO,JUAN,Undirected,1202,9
POLÍTICO,ROBERTO,Undirected,1203,2
POLÍTICO,FERNÁNDEZ,Undirected,1204,2
POLÍTICO,ALBERTO,Undirected,1205,2
POLÍTICO,LAVAGNA,Undirected,1206,2
FÓRMULA,FERNÁNDEZ,Undirected,1207,9
FÓRMULA,ALBERTO,Undirected,1208,6
CRÍTICAS,DIÁLOGO,Undirected,1209,2
CRÍTICAS,MASSA,Undirected,1210,2
CRÍTICAS,CARRIÓ,Undirected,1211,3
CRÍTICAS,ACTO,Undirected,1212,2
CRÍTICAS,SOTA,Undirected,1213,2
CRÍTICAS,JUAN,Undirected,1214,3
SINCERAMENTE,LIBRO,Undirected,1215,5
ALTERNATIVA,LAVAGNA,Undirected,1216,7
ALTERNATIVA,CAMBIEMOS,Undirected,1217,2
ALTERNATIVA,ROBERTO,Undirected,1218,6
ALTERNATIVA,FRENTE,Undirected,1219,2
ALTERNATIVA,FEDERAL,Undirected,1220,18
ALTERNATIVA,JUAN,Undirected,1221,5
MESES,TRES,Undirected,1222,2
FEDERAL,FERNÁNDEZ,Undirected,1223,2
FEDERAL,PJ,Undirected,1224,12
FEDERAL,DUDAS,Undirected,1225,2
FEDERAL,CAMBIEMOS,Undirected,1226,2
FEDERAL,ROBERTO,Undirected,1227,9
FEDERAL,RECIBIÓ,Undirected,1228,2
FEDERAL,ALESSIO,Undirected,1229,2
FEDERAL,LAVAGNA,Undirected,1230,12
FEDERAL,K,Undirected,1231,4
FEDERAL,CAUSA,Undirected,1232,4
FEDERAL,MAR,Undirected,1233,3
FEDERAL,MEDIO,Undirected,1234,2
FEDERAL,FRENTE,Undirected,1235,2
FEDERAL,ALBERTO,Undirected,1236,2
FEDERAL,JUAN,Undirected,1237,9
AMENAZA,PARO,Undirected,1238,2
AMENAZA,PJ,Undirected,1239,2
DANIEL,FELIPE,Undirected,1240,2
DANIEL,LIBRO,Undirected,1241,2
PJ,MASSA,Undirected,1242,2
PJ,FERNÁNDEZ,Undirected,1243,2
PJ,SANTA,Undirected,1244,4
PJ,CAMBIEMOS,Undirected,1245,3
PJ,PELEA,Undirected,1246,2
PJ,ROBERTO,Undirected,1247,5
PJ,CARRIÓ,Undirected,1248,2
PJ,FE,Undirected,1249,3
PJ,BONFATTI,Undirected,1250,2
PJ,LAVAGNA,Undirected,1251,6
PJ,K,Undirected,1252,7
PJ,ELECTORAL,Undirected,1253,2
PJ,TERCERA,Undirected,1254,2
PJ,JUAN,Undirected,1255,5
CÉSAR,MILANI,Undirected,1256,6
CÉSAR,REPRESIÓN,Undirected,1257,2
COALICIÓN,LOUSTEAU,Undirected,1258,3
COALICIÓN,LAVAGNA,Undirected,1259,2
COALICIÓN,CAMBIEMOS,Undirected,1260,2
EE,UU,Undirected,1261,8
PELEA,PRESIDENTE,Undirected,1262,2
PELEA,CARRIÓ,Undirected,1263,2
PELEA,JUAN,Undirected,1264,3
ROBERTO,ACUERDO,Undirected,1265,3
ROBERTO,MASSA,Undirected,1266,6
ROBERTO,CERRÓ,Undirected,1267,2
ROBERTO,PRESIDENTE,Undirected,1268,2
ROBERTO,JUAN,Undirected,1269,6
ROBERTO,LAVAGNA,Undirected,1270,40
ROBERTO,K,Undirected,1271,2
ROBERTO,MEDIO,Undirected,1272,3
ROBERTO,FELIPE,Undirected,1273,3
LOUSTEAU,LAVAGNA,Undirected,1274,2
LOUSTEAU,LIBRO,Undirected,1275,3
LOUSTEAU,CAMBIEMOS,Undirected,1276,4
CARRIÓ,FERNÁNDEZ,Undirected,1277,2
CARRIÓ,SANTA,Undirected,1278,2
CARRIÓ,CAMBIEMOS,Undirected,1279,6
CARRIÓ,NEGRI,Undirected,1280,3
CARRIÓ,MAL,Undirected,1281,2
CARRIÓ,IMPUNIDAD,Undirected,1282,2
CARRIÓ,FE,Undirected,1283,2
CARRIÓ,BONFATTI,Undirected,1284,2
CARRIÓ,ELECTORAL,Undirected,1285,2
CARRIÓ,ALBERTO,Undirected,1286,2
CARRIÓ,SOTA,Undirected,1287,4
CARRIÓ,LANZÓ,Undirected,1288,2
JULIO,FERNÁNDEZ,Undirected,1289,3
JULIO,VIDO,Undirected,1290,6
JULIO,CANDIDATA,Undirected,1291,2
JULIO,ALBERTO,Undirected,1292,3
TRANSPORTE,GREMIOS,Undirected,1293,2
TRANSPORTE,PARO,Undirected,1294,8
TRANSPORTE,25,Undirected,1295,5
TRANSPORTE,MAYO,Undirected,1296,6
CLAVE,DOS,Undirected,1297,2
ALESSIO,CAUSA,Undirected,1298,3
ALESSIO,RAMOS,Undirected,1299,3
ALESSIO,MAR,Undirected,1300,4
REPRESIÓN,MILANI,Undirected,1301,4
QUIERE,GUILLERMO,Undirected,1302,2
PODER,JUDICIAL,Undirected,1303,3
PODER,K,Undirected,1304,2
DIÁLOGO,MASSA,Undirected,1305,2
FE,BONFATTI,Undirected,1306,3
FE,SANTA,Undirected,1307,11
FE,CAMBIEMOS,Undirected,1308,2
LAVAGNA,ACUERDO,Undirected,1309,3
LAVAGNA,DUDAS,Undirected,1310,2
LAVAGNA,PRESIDENTE,Undirected,1311,2
LAVAGNA,MASSA,Undirected,1312,8
LAVAGNA,K,Undirected,1313,2
LAVAGNA,FELIPE,Undirected,1314,3
LAVAGNA,CAMBIEMOS,Undirected,1315,4
LAVAGNA,CERRÓ,Undirected,1316,2
LAVAGNA,VICE,Undirected,1317,2
LAVAGNA,MEDIO,Undirected,1318,3
LAVAGNA,DIO,Undirected,1319,2
LAVAGNA,SUMAR,Undirected,1320,3
LAVAGNA,JUAN,Undirected,1321,6
KIRCHNERISMO,ACUERDO,Undirected,1322,2
KIRCHNERISMO,MASSA,Undirected,1323,4
KIRCHNERISMO,JUAN,Undirected,1324,2
EX,K,Undirected,1325,2
EX,CUADERNOS,Undirected,1326,3
PARO,MAYO,Undirected,1327,8
PARO,SINDICALISTAS,Undirected,1328,2
PARO,GREMIOS,Undirected,1329,5
PARO,25,Undirected,1330,4
PARO,ACTO,Undirected,1331,2
PARO,HUGO,Undirected,1332,2
PARO,ABRIL,Undirected,1333,4
PARO,30,Undirected,1334,4
PRESENTÓ,LIBRO,Undirected,1335,2
ACTO,FERNÁNDEZ,Undirected,1336,5
ACTO,ALBERTO,Undirected,1337,5
FRENTE,K,Undirected,1338,2
FRENTE,CAMBIEMOS,Undirected,1339,2
FRENTE,NUEVO,Undirected,1340,2
PAÍS,PATRICIA,Undirected,1341,2
ELECCIONES,2019,Undirected,1342,4
ELECCIONES,DOS,Undirected,1343,2
ELECCIONES,RADICAL,Undirected,1344,2
ELECCIONES,JUAN,Undirected,1345,4
30,ABRIL,Undirected,1346,5
CUADERNOS,CAUSA,Undirected,1347,4
RECIBIÓ,JUAN,Undirected,1348,2
CRUZ,SANTA,Undirected,1349,5
FERNÁNDEZ,NUEVA,Undirected,1350,2
FERNÁNDEZ,DAR,Undirected,1351,2
FERNÁNDEZ,PRESIDENTE,Undirected,1352,2
FERNÁNDEZ,MASSA,Undirected,1353,5
FERNÁNDEZ,IMPUNIDAD,Undirected,1354,2
FERNÁNDEZ,K,Undirected,1355,2
FERNÁNDEZ,PERIODISTA,Undirected,1356,2
FERNÁNDEZ,VIDO,Undirected,1357,2
FERNÁNDEZ,ANUNCIO,Undirected,1358,5
FERNÁNDEZ,CORRUPCIÓN,Undirected,1359,2
FERNÁNDEZ,ALBERTO,Undirected,1360,62
CONGRESO,BALEADO,Undirected,1361,3
CORNEJO,ALFREDO,Undirected,1362,7
CORNEJO,CAMBIEMOS,Undirected,1363,4
ACUERDO,MASSA,Undirected,1364,4
ACUERDO,CAMBIEMOS,Undirected,1365,2
ACUERDO,DOS,Undirected,1366,2
ACUERDO,10,Undirected,1367,2
ACUERDO,K,Undirected,1368,2
ACUERDO,JUAN,Undirected,1369,2
NUEVA,ALBERTO,Undirected,1370,2
NUEVO,SOCIAL,Undirected,1371,3
NUEVO,ELECTORAL,Undirected,1372,2
NUEVO,CAMBIEMOS,Undirected,1373,2
DAR,ALBERTO,Undirected,1374,2
TRES,VÍCTIMAS,Undirected,1375,2
ALFREDO,CAMBIEMOS,Undirected,1376,4
MANDÓ,CAUSA,Undirected,1377,2
MANDÓ,TOF,Undirected,1378,2
MAYO,CLAUDIO,Undirected,1379,2
MAYO,GREMIOS,Undirected,1380,3
MAYO,25,Undirected,1381,6
YADÓN,ATAQUE,Undirected,1382,5
YADÓN,DETENIDO,Undirected,1383,2
PERIODISTA,ALBERTO,Undirected,1384,2
K,MASSA,Undirected,1385,3
K,JUDICIAL,Undirected,1386,2
K,JUAN,Undirected,1387,2
K,VOTO,Undirected,1388,2
K,CORRUPCIÓN,Undirected,1389,2
K,ALBERTO,Undirected,1390,2
CAUSA,MAR,Undirected,1391,4
CAUSA,CORRUPCIÓN,Undirected,1392,2
CAUSA,TOF,Undirected,1393,3
GREMIOS,25,Undirected,1394,2
VOTO,CAMBIEMOS,Undirected,1395,2
VOTO,ELECTORAL,Undirected,1396,3
DETENIDO,ATAQUE,Undirected,1397,2
MORENO,GUILLERMO,Undirected,1398,6
BONFATTI,SANTA,Undirected,1399,3
MASSA,CAMBIEMOS,Undirected,1400,3
MASSA,PRESIDENTE,Undirected,1401,2
MASSA,SUMAR,Undirected,1402,3
MASSA,ALBERTO,Undirected,1403,5
MASSA,JUAN,Undirected,1404,2
SANTA,CAMBIEMOS,Undirected,1405,2
CAMBIEMOS,JUAN,Undirected,1406,2
CAMBIEMOS,ELECTORAL,Undirected,1407,2
CAMBIEMOS,SUMAR,Undirected,1408,4
DOS,ENCUESTAS,Undirected,1409,2
PRESIDENTE,ALBERTO,Undirected,1410,3
IMPUNIDAD,ALBERTO,Undirected,1411,2
JUAN,NEGRI,Undirected,1412,3
VIDO,ALBERTO,Undirected,1413,2
VIDO,CORRUPCIÓN,Undirected,1414,2
ANUNCIO,ALBERTO,Undirected,1415,5
FELIPE,ALBERTO,Undirected,1416,2
CORRUPCIÓN,ALBERTO,Undirected,1417,2
